retailer,name,address,city,state_zip
Sprouts Farmers Market,Austin - Mueller,1201 Barbara Jordan Blvd Bldg 700,Austin,TX 78723
Sprouts Farmers Market,Austin - S. Lamar Blvd.,4006 S Lamar Blvd. Suite 400,Austin,TX 78704
Sprouts Farmers Market,Austin - Great Hills,10225 Research Blvd. Suite 1000,Austin,TX 78759
Sprouts Farmers Market,Austin - Manchaca Rd.,6920 Manchaca Rd,Austin,TX 78745
Sprouts Farmers Market,Round Rock,110 N Interstate 35,Suite 299,Round Rock,TX 78681
Sprouts Farmers Market,Cedar Park,1530 Cypress Creek Rd,Cedar Park,TX 78613
Sprouts Farmers Market,Kyle,150 Heroes Memorial Dr. Building B,Kyle,TX 78640
Sprouts Farmers Market,Georgetown - Cedar Breaks West,4610 Williams Drive Suite 107,Georgetown,TX 78628
Sprouts Farmers Market,Copperfield,7055 Highway 6 N. Unit A,Houston,TX 77095
Sprouts Farmers Market,Spring Cypress Village,22506 Tomball Pkwy,Houston,TX 77070

